{
"nodes":[
{"node":0,"name":"Delhi"},{"node":1,"name":"Noida"},{"node":2,"name":"Gurgaon"},{"node":3,"name":"Ghaziabad"},
{"node":4,"name":"Delhi Police"},{"node":5,"name":"Delhi Hospital"},{"node":6,"name":"Delhi Volunteer"},{"node":7,"name":"Delhi NGO"},
{"node":8,"name":"Noida Police"},{"node":9,"name":"Noida Hospital"},{"node":10,"name":"Noida Volunteer"},{"node":11,"name":"Noida NGO"},
{"node":12,"name":"Gurgaon Hospital"},{"node":13,"name":"Gurgaon Police"},{"node":14,"name":"Gurgaon Volunteer"},{"node":15,"name":"Gurgaon NGO"},
{"node":16,"name":"Ghaziabad Hospital"},{"node":17,"name":"Ghaziabad Police"},{"node":18,"name":"Ghaziabad Volunteer"},{"node":19,"name":"Ghaziabad NGO"},


{"node":20,"name":"Unattended Requests"},
{"node":21,"name":"Year 2018"},{"node":22,"name":"January"},{"node":23,"name":"February"},{"node":24,"name":"March"}
],
"links":[
{"source":21,"target":23,"value":2000},{"source":21,"target":24,"value":1000},{"source":21,"target":22,"value":3000},
{"source":23,"target":0,"value":500},{"source":23,"target":1,"value":300},{"source":23,"target":2,"value":800},{"source":23,"target":3,"value":150},
{"source":24,"target":0,"value":400},{"source":24,"target":1,"value":10},{"source":24,"target":2,"value":300},{"source":24,"target":3,"value":90},
{"source":22,"target":0,"value":700},{"source":22,"target":1,"value":600},{"source":22,"target":2,"value":600},{"source":22,"target":3,"value":900},

{"source":0,"target":4,"value":80},{"source":0,"target":5,"value":200},{"source":0,"target":6,"value":120},{"source":0,"target":7,"value":100},
{"source":1,"target":8,"value":50},{"source":1,"target":9,"value":70},{"source":1,"target":10,"value":78},{"source":1,"target":11,"value":2},
{"source":2,"target":12,"value":300},{"source":2,"target":13,"value":200},{"source":2,"target":14,"value":260},{"source":2,"target":15,"value":40},
{"source":3,"target":16,"value":60},{"source":3,"target":17,"value":20},{"source":3,"target":18,"value":90},{"source":3,"target":19,"value":10}


]}